ORF_id,iORF_type,Source,gene_name,gene_biotype,gene_id,len,starts,Peptide.seq,nt_seq,strand,Chr,Start,End,S_exon1,E_exon1,S_exon2,E_exon2,S_exon3,E_exon3
Lena_screen_1_42,sORF,sORFs.org,SMIM10L2A,protein_coding,ENSG00000178947,234,ATG,MAASAALSAAAAAAALSGLAVRLSRSAAARGSYGAFCKGLTRTLLTFFDLAWRLRMNFPYFYIVASVMLNVRLQVRIE,NA,+,X,135422132,135422389,135422132,135422365,NA,NA,NA,NA
Lena_screen_1_49,5UTR,sORFs.org,MKKS,protein_coding,ENSG00000125863,150,ATG,MKNTSWIRKNWLLVAGISFIGVHLGTYFLQRSAKQSVKFQSQSKQKSIEE,NA,-,20,10413730,10413887,10413738,10413887,NA,NA,NA,NA
ORF102,5UTR,sorfs.org,ELP6,protein_coding,ENSG00000163832,141,ATG,MPRQMGVSLYTTFSPSISKLIVKSALWHSSSPSATTVSWDRSWVSA,ATGCCAAGACAGATGGGAGTTTCCTTGTACACCACTTTCTCTCCTTCTATCTCAAAGCTAATTGTAAAGTCTGCTTTGTGGCACTCATCCAGTCCTTCAGCCACTACAGTATCGTGGGACAGAAGCTGGGTGTCAGCCTGA,-,3,47504437,47511205,47511148,47511204,47510184,47510254,47504439,47504448
ORF104,5UTR,sorfs.org,SMIM12,protein_coding,ENSG00000163866,192,ATG,MSCGLCFGPWFVPMLLMSHSLLPSWSGLWVTTWNGSSGERTPSPWRRKRASQSAGRIASWMSF,ATGTCATGTGGCCTGTGTTTTGGACCGTGGTTCGTACCTATGCTCCTTATGTCACATTCCCTGTTGCCTTCGTGGTCGGGGCTGTGGGTTACCACCTGGAATGGTTCATCAGGGGAAAGGACCCCCAGCCCGTGGAGGAGGAAAAGAGCATCTCAGAGCGCCGGGAGGATCGCAAGCTGGATGAGCTTCTAG,-,1,34855791,34855982,34855791,34855982,NA,NA,NA,NA
ORF115,5UTR,sorfs.org,CRLS1,protein_coding,ENSG00000088766,81,ATG,MEAAVAQCLSGCRVSMEKRLASVPGC,ATGGAGGCAGCGGTAGCCCAGTGTCTGAGTGGTTGCCGGGTCTCCATGGAGAAGCGGCTCGCCAGTGTCCCAGGCTGCTGA,+,20,6006126,6006206,6006126,6006206,NA,NA,NA,NA
ORF119,5UTR,sorfs.org,PUS7,protein_coding,ENSG00000091127,84,ATG,MFSWSLKDGDDRNDWCVAETWGTGCRR,ATGTTTTCTTGGAGCCTTAAAGATGGAGATGACAGAAATGACTGGTGTGTCGCTGAAACGTGGGGCACTGGTTGTCGAAGATAA,-,7,105508451,105508534,105508451,105508534,NA,NA,NA,NA
ORF141,5UTR,sorfs.org,TMEM138,protein_coding,ENSG00000149483,288,ATG,MCPWGPEKTEGRCSRPVTTAWCSLCSSCCCPMTSLSIPSQNCSKRLLSSSLCSSSSRILQSSSTSSSFSSCSSTPSSSRLAWSTSYSISSKGPSS,ATGTGCCCTTGGGGGCCCGAGAAAACAGAAGGAAGATGCTCCAGACCAGTAACTACAGCCTGGTGCTCTCTCTGCAGTTCCTGCTGCTGTCCTATGACCTCTTTGTCAATTCCTTCTCAGAACTGCTCCAAAAGACTCCTGTCATCCAGCTTGTGCTCTTCATCATCCAGGATATTGCAGTCCTCTTCAACATCATCATCATTTTCCTCATGTTCTTCAACACCTTCGTCTTCCAGGCTGGCCTGGTCAACCTCCTATTCCATAAGTTCAAAGGGACCATCATCCTGA,+,11,61364356,61366169,61364356,61364518,61366045,61366166,NA,NA
ORF146,5UTR,sorfs.org,KIAA0100,protein_coding,ENSG00000007202,222,ATG,MSVLSFSNTSKQWKLITCGFPANSLAMIFHTMWHCALEKCVSERTYRKFLTCLPHSPRALGWIKRNCPSAHPY,ATGTCAGTCTTAAGTTTCAGCAACACCAGCAAACAGTGGAAATTGATAACCTGTGGATTTCCAGCAAACTCCTTAGCCATGATCTTCCACACTATGTGGCATTGTGCTTTGGAGAAGTGCGTATCAGAACGGACCTACAGAAAGTTTCTGACCTGTCTGCCCCATTCTCCCAGAGCGCTGGGGTGGATCAAAAGGAACTGTCCTTCAGCCCATCCTTATTGA,-,17,28643179,28644096,28644058,28644095,28643610,28643659,28643181,28643311
ORF148,5UTR,sorfs.org,PRPF19,protein_coding,ENSG00000110107,156,ATG,MQSCCTASLCASSCRQPAKSCHTLCTSTMPPAVSLPVSPRKSLLPEKLWLP,ATGCAGTCATGCTGCACAGCTTCACTCTGCGCCAGCAGCTGCAGACAACCCGCCAAGAGCTGTCACACGCTCTGTACCAGCACGATGCCGCCTGCCGTGTCATTGCCCGTCTCACCAAGGAAGTCACTGCTGCCCGAGAAGCTCTGGCTACCCTGA,-,11,60902643,60902881,60902740,60902880,60902645,60902656,NA,NA
ORF180,5UTR,sorfs.org,ANP32E,protein_coding,ENSG00000143401,87,ATG,MCVCMCVRACVRVCARASVWTRRWGQLS,ATGTGTGTGTGTATGTGTGTGCGCGCGTGCGTGCGTGTGTGTGCGCGCGCTAGTGTGTGGACAAGGAGGTGGGGGCAGCTGAGTTAG,-,1,150235977,150236063,150235977,150236063,NA,NA,NA,NA
ORF187,sORF,sorfs.org,SMIM15,protein_coding,ENSG00000188725,225,ATG,MFDIKAWAEYVVEWAAKDPYGFLTTVILALTPLFLASAVLSWKLAKMIEAREKEQKKKQKRQENIAKAKRLKKD,ATGTTTGATATAAAGGCTTGGGCTGAGTATGTTGTGGAATGGGCTGCAAAGGACCCCTATGGCTTCCTTACAACCGTTATTTTGGCCCTTACTCCACTGTTCCTAGCAAGTGCTGTACTGTCTTGGAAATTGGCCAAGATGATTGAGGCCAGGGAGAAGGAGCAAAAGAAGAAGCAAAAACGCCAAGAAAACATTGCAAAAGCTAAACGACTAAAAAAGGATTGA,-,5,61159947,61160171,61159947,61160171,NA,NA,NA,NA
ORF189,sORF,sorfs.org,COX14,protein_coding,ENSG00000178449,174,ATG,MPTGKQLADIGYKTFSTSMMLLTVYGGYLCSVRVYHYFQWRRAQRQAAEEQKTSGIM,ATGCCAACTGGCAAGCAGCTAGCTGACATTGGCTATAAGACCTTCTCTACCTCCATGATGCTTCTCACTGTGTATGGGGGGTACCTCTGCAGTGTCCGAGTCTACCACTATTTCCAGTGGCGCAGGGCCCAGCGCCAGGCCGCAGAAGAACAGAAGACCTCAGGAATCATGTAG,+,12,50120044,50120217,50120044,50120217,NA,NA,NA,NA
ORF200,lncrna,sorfs.org,MALAT1,lincRNA,ENSG00000251562,120,ATG,MTEVEMKLLHGVKNVFKRKLRERTTEPRINTNRRAMLLD,ATGACGGAGGTTGAGATGAAGCTTCTTCATGGAGTAAAAAATGTATTTAAAAGAAAATTGAGAGAAAGGACTACAGAGCCCCGAATTAATACCAATAGAAGGGCAATGCTTTTAGATTAA,+,11,65499297,65499416,65499297,65499416,NA,NA,NA,NA
ORF55,5UTR,sorfs.org,ERG28,protein_coding,ENSG00000133935,120,ATG,MAQVDSGLELSWGSLFAAAAAAATAVLGARSPGKKPSHV,ATGGCTCAGGTGGACTCCGGGCTGGAGCTGTCCTGGGGGAGCTTGTTTGCGGCAGCGGCTGCTGCTGCCACTGCTGTGCTGGGGGCCCGGTCGCCAGGCAAAAAGCCCTCCCACGTTTGA,-,14,75657512,75660872,75660775,75660871,75657514,75657533,NA,NA
ORF88,5UTR,sorfs.org,MTIF3,protein_coding,ENSG00000122033,114,ATG,MSIACPSTAVILLYRRASPHQLGMITVLPKKGWLLFF,ATGTCAATCGCTTGCCCCAGCACAGCTGTCATTCTTCTCTACAGAAGAGCTTCTCCTCATCAACTGGGGATGATTACAGTTCTTCCTAAAAAAGGATGGCTGCTCTTTTTCTAA,-,13,27440431,27450534,27450509,27450533,27445088,27445156,27440433,27440449
ORF90,5UTR,sorfs.org,PPP5C,protein_coding,ENSG00000011485,186,ATG,MPSTMATAAWPTCALSAMATRWETPRGPLSWTRSTSRVITAGLPATWHWASSGPRCETTRR,ATGCCATCTACTATGGCAACCGCAGCCTGGCCTACCTGCGCACTGAGTGCTATGGCTACGCGCTGGGAGACGCCACGCGGGCCATTGAGCTGGACAAGAAGTACATCAAGGGTTATTACCGCCGGGCTGCCAGCAACATGGCACTGGGCAAGTTCCGGGCCGCGCTGCGAGACTACGAGACGGTGA,+,19,46353808,46353993,46353808,46353993,NA,NA,NA,NA
