"","iORF_ID","Gene_id","Gene_name","ORF_type","Gene_type","Source","Peptide_Seq","Start_codon","deepTMHMM","TargetP","Deeploc","interproscan","Human","Chimp","Rat","Mouse","Zebrafish"
"9390","Lena_screen_1_23","ENSG00000100335","MIEF1","uORF","protein_coding","S. Zhang et al (2020)","MAPWSREAVLSLYRALLRQGRQLRYTDRDFYFASIRREFRKNQKLEDAEARERQLEKGLVFLNGKLGRII","ATG","GLOB","OTHER","Mitochondrion","Complex1_LYR_MIEF1-MP; Coil; Complex 1 protein (LYR family); MIEF1-MP, LYR domain; Complex 1 LYR protein domain",100,98.571429,88.571429,87.142857,0
"9411","Lena_screen_1_42","ENSG00000178947","SMIM10L2A","sORF","protein_coding","S. Zhang et al (2020)","MAASAALSAAAAAAALSGLAVRLSRSAAARGSYGAFCKGLTRTLLTFFDLAWRLRMNFPYFYIVASVMLNVRLQVRIE","ATG","GLOB","mTP","Endoplasmic reticulum|Golgi apparatus","No domain found",100,100,0,91.025641,0
"9418","Lena_screen_1_49","ENSG00000125863","MKKS","5UTR","5UTR","S. Zhang et al (2020)","MKNTSWIRKNWLLVAGISFIGVHLGTYFLQRSAKQSVKFQSQSKQKSIEE","ATG","SP+TM","OTHER","Mitochondrion","No domain found",100,100,70,72,0
"9426","ORF102","ENSG00000163832","ELP6","5UTR","protein_coding","S. Zhang et al (2020)","MPRQMGVSLYTTFSPSISKLIVKSALWHSSSPSATTVSWDRSWVSA","ATG","GLOB","OTHER","Cytoplasm","No domain found",100,100,60.869565,69.565217,0
"9428","ORF104","ENSG00000163866","SMIM12","5UTR","protein_coding","S. Zhang et al (2020)","MSCGLCFGPWFVPMLLMSHSLLPSWSGLWVTTWNGSSGERTPSPWRRKRASQSAGRIASWMSF","ATG","GLOB","SP","Cytoplasm|Extracellular","No domain found",100,100,73.4375,71.875,0
"9439","ORF115","ENSG00000088766","CRLS1","5UTR","protein_coding","S. Zhang et al (2020)","MEAAVAQCLSGCRVSMEKRLASVPGC","ATG","GLOB","OTHER","Cytoplasm","No domain found",100,100,24,24,0
"9443","ORF119","ENSG00000091127","PUS7","5UTR","protein_coding","S. Zhang et al (2020)","MFSWSLKDGDDRNDWCVAETWGTGCRR","ATG","GLOB","OTHER","Mitochondrion","No domain found",100,100,0,60,0
"9465","ORF141","ENSG00000149483","TMEM138","5UTR","protein_coding","S. Zhang et al (2020)","MCPWGPEKTEGRCSRPVTTAWCSLCSSCCCPMTSLSIPSQNCSKRLLSSSLCSSSSRILQSSSTSSSFSSCSSTPSSSRLAWSTSYSISSKGPSS","ATG","GLOB","OTHER","Cytoplasm","consensus disorder prediction",100,56.842105,49.473684,78.947368,0
"9470","ORF146","ENSG00000007202","KIAA0100","5UTR","protein_coding","S. Zhang et al (2020)","MSVLSFSNTSKQWKLITCGFPANSLAMIFHTMWHCALEKCVSERTYRKFLTCLPHSPRALGWIKRNCPSAHPY","ATG","GLOB","OTHER","Cytoplasm|Mitochondrion","No domain found",100,97.260274,78.082192,75.342466,0
"9472","ORF148","ENSG00000110107","PRPF19","5UTR","protein_coding","S. Zhang et al (2020)","MQSCCTASLCASSCRQPAKSCHTLCTSTMPPAVSLPVSPRKSLLPEKLWLP","ATG","GLOB","OTHER","Mitochondrion","No domain found",100,100,80.392157,74.509804,56.862745
"9504","ORF180","ENSG00000143401","ANP32E","5UTR","protein_coding","S. Zhang et al (2020)","MCVCMCVRACVRVCARASVWTRRWGQLS","ATG","SP","OTHER","Extracellular","No domain found",100,100,0,58.62069,0
"9511","ORF187","ENSG00000188725","SMIM15","sORF","protein_coding","S. Zhang et al (2020)","MFDIKAWAEYVVEWAAKDPYGFLTTVILALTPLFLASAVLSWKLAKMIEAREKEQKKKQKRQENIAKAKRLKKD","ATG","TM","OTHER","Endoplasmic reticulum","Coil; Uncharacterised protein family UPF0542; consensus disorder prediction; SMALL INTEGRAL MEMBRANE PROTEIN 15; Small integral membrane protein 15",100,100,97.333333,98.666667,90.666667
"9513","ORF189","ENSG00000178449","COX14","sORF","protein_coding","S. Zhang et al (2020)","MPTGKQLADIGYKTFSTSMMLLTVYGGYLCSVRVYHYFQWRRAQRQAAEEQKTSGIM","ATG","TM","OTHER","Mitochondrion","No domain found",100,100,82.758621,81.034483,0
"9524","ORF200","ENSG00000251562","MALAT1","lncrna","lincRNA","S. Zhang et al (2020)","MTEVEMKLLHGVKNVFKRKLRERTTEPRINTNRRAMLLD","ATG","GLOB","OTHER","Cytoplasm","No domain found",100,97.5,16.216216,16.666667,0
"9537","ORF55","ENSG00000133935","ERG28","5UTR","protein_coding","S. Zhang et al (2020)","MAQVDSGLELSWGSLFAAAAAAATAVLGARSPGKKPSHV","ATG","SP","SP","Mitochondrion","No domain found",100,97.435897,21.212121,30.555556,0
"9570","ORF88","ENSG00000122033","MTIF3","5UTR","protein_coding","S. Zhang et al (2020)","MSIACPSTAVILLYRRASPHQLGMITVLPKKGWLLFF","ATG","SP","OTHER","Nucleus","No domain found",100,94.594595,38.461538,38.461538,0
"9572","ORF90","ENSG00000011485","PPP5C","5UTR","protein_coding","S. Zhang et al (2020)","MPSTMATAAWPTCALSAMATRWETPRGPLSWTRSTSRVITAGLPATWHWASSGPRCETTRR","ATG","GLOB","SP","Cytoplasm|Nucleus","No domain found",100,96.774194,74.193548,79.032258,0
